id,class
12001,14
12002,16
12003,8
12004,11
12005,12
12006,7
12007,15
12008,6
12009,20
12010,5
12011,16
12012,13
12013,6
12014,0
12015,2
12016,7
12017,4
12018,17
12019,8
12020,4
12021,16
12022,3
12023,12
12024,7
12025,17
12026,19
12027,8
12028,6
12029,9
12030,16
12031,14
12032,19
12033,13
12034,12
12035,3
12036,6
12037,0
12038,3
12039,4
12040,6
12041,8
12042,10
12043,4
12044,5
12045,2
12046,5
12047,20
12048,9
12049,12
12050,13
12051,2
12052,7
12053,5
12054,7
12055,6
12056,17
12057,12
12058,14
12059,5
12060,14
12061,11
12062,7
12063,0
12064,6
12065,0
12066,12
12067,2
12068,12
12069,4
12070,3
12071,17
12072,3
12073,6
12074,16
12075,3
12076,10
12077,12
12078,12
12079,17
12080,0
12081,5
12082,4
12083,17
12084,11
12085,7
12086,8
12087,20
12088,17
12089,11
12090,16
12091,16
12092,6
12093,13
12094,9
12095,13
12096,2
12097,15
12098,7
12099,3
12100,6
12101,16
12102,14
12103,14
12104,16
12105,6
12106,18
12107,20
12108,18
12109,13
12110,10
12111,8
12112,10
12113,3
12114,7
12115,15
12116,3
12117,0
12118,10
12119,16
12120,11
12121,2
12122,13
12123,5
12124,4
12125,7
12126,20
12127,13
12128,18
12129,8
12130,6
12131,7
12132,12
12133,4
12134,5
12135,17
12136,3
12137,12
12138,3
12139,20
12140,15
12141,3
12142,10
12143,8
12144,16
12145,17
12146,11
12147,16
12148,4
12149,13
12150,16
12151,12
12152,14
12153,0
12154,5
12155,18
12156,6
12157,5
12158,8
12159,3
12160,2
12161,17
12162,7
12163,8
12164,3
12165,6
12166,16
12167,16
12168,13
12169,2
12170,18
12171,7
12172,10
12173,10
12174,11
12175,0
12176,14
12177,20
12178,15
12179,12
12180,10
12181,16
12182,9
12183,8
12184,0
12185,18
12186,4
12187,19
12188,5
12189,11
12190,6
12191,15
12192,20
12193,7
12194,12
12195,20
12196,16
12197,19
12198,6
12199,16
12200,19
12201,9
12202,14
12203,4
12204,2
12205,13
12206,2
12207,4
12208,5
12209,4
12210,18
12211,12
12212,6
12213,7
12214,12
12215,10
12216,16
12217,9
12218,8
12219,13
12220,8
12221,16
12222,12
12223,14
12224,14
12225,15
12226,2
12227,8
12228,8
12229,4
12230,19
12231,14
12232,6
12233,18
12234,20
12235,4
12236,0
12237,16
12238,19
12239,12
12240,5
12241,14
12242,15
12243,4
12244,18
12245,3
12246,7
12247,10
12248,3
12249,9
12250,6
12251,20
12252,12
12253,19
12254,17
12255,18
12256,17
12257,3
12258,13
12259,13
12260,14
12261,17
12262,16
12263,13
12264,13
12265,3
12266,14
12267,3
12268,13
12269,15
12270,8
12271,10
12272,13
12273,15
12274,4
12275,2
12276,10
12277,11
12278,10
12279,18
12280,6
12281,0
12282,0
12283,13
12284,5
12285,3
12286,10
12287,10
12288,19
12289,15
12290,7
12291,20
12292,17
12293,11
12294,2
12295,5
12296,15
12297,18
12298,2
12299,7
12300,20
12301,0
12302,12
12303,17
12304,0
12305,16
12306,14
12307,11
12308,8
12309,6
12310,10
12311,3
12312,11
12313,18
12314,16
12315,3
12316,10
12317,6
12318,12
12319,5
12320,11
12321,15
12322,3
12323,9
12324,12
12325,8
12326,6
12327,0
12328,0
12329,3
12330,7
12331,16
12332,9
12333,17
12334,9
12335,9
12336,7
12337,9
12338,16
12339,12
12340,8
12341,8
12342,17
12343,13
12344,6
12345,5
12346,4
12347,11
12348,12
12349,20
12350,9
12351,12
12352,4
12353,10
12354,5
12355,11
12356,5
12357,11
12358,7
12359,9
12360,2
12361,18
12362,13
12363,17
12364,9
12365,7
12366,18
12367,11
12368,3
12369,10
12370,15
12371,12
12372,18
12373,3
12374,0
12375,5
12376,18
12377,11
12378,7
12379,12
12380,12
12381,4
12382,19
12383,8
12384,16
12385,16
12386,13
12387,12
12388,7
12389,16
12390,11
12391,19
12392,0
12393,2
12394,18
12395,3
12396,4
12397,15
12398,12
12399,8
12400,11
12401,0
12402,20
12403,8
12404,0
12405,2
12406,19
12407,0
12408,19
12409,18
12410,8
12411,8
12412,8
12413,0
12414,6
12415,11
12416,18
12417,12
12418,13
12419,13
12420,16
12421,10
12422,5
12423,19
12424,20
12425,17
12426,11
12427,0
12428,14
12429,12
12430,18
12431,18
12432,7
12433,2
12434,10
12435,0
12436,12
12437,5
12438,4
12439,14
12440,18
12441,13
12442,8
12443,14
12444,3
12445,4
12446,6
12447,8
12448,2
12449,17
12450,6
12451,7
12452,8
12453,4
12454,13
12455,16
12456,9
12457,16
12458,19
12459,3
12460,18
12461,3
12462,13
12463,3
12464,9
12465,10
12466,11
12467,9
12468,9
12469,9
12470,9
12471,20
12472,6
12473,4
12474,5
12475,12
12476,12
12477,8
12478,9
12479,0
12480,7
12481,18
12482,15
12483,2
12484,15
12485,12
12486,0
12487,18
12488,14
12489,17
12490,0
12491,9
12492,0
12493,4
12494,14
12495,15
12496,13
12497,18
12498,13
12499,16
12500,4
12501,6
12502,8
12503,7
12504,7
12505,16
12506,17
12507,7
12508,7
12509,4
12510,5
12511,2
12512,6
12513,4
12514,12
12515,6
12516,9
12517,7
12518,13
12519,20
12520,7
12521,11
12522,11
12523,2
12524,5
12525,9
12526,11
12527,4
12528,12
12529,7
12530,16
12531,4
12532,8
12533,8
12534,17
12535,12
12536,19
12537,5
12538,17
12539,5
12540,15
12541,13
12542,4
12543,17
12544,10
12545,8
12546,9
12547,18
12548,13
12549,13
12550,15
12551,15
12552,10
12553,5
12554,4
12555,6
12556,15
12557,13
12558,4
12559,18
12560,2
12561,2
12562,3
12563,10
12564,17
12565,11
12566,4
12567,15
12568,3
12569,16
12570,11
12571,7
12572,14
12573,20
12574,20
12575,13
12576,15
12577,15
12578,18
12579,20
12580,3
12581,6
12582,8
12583,15
12584,16
12585,11
12586,9
12587,17
12588,11
12589,12
12590,15
12591,0
12592,2
12593,16
12594,2
12595,5
12596,0
12597,0
12598,18
12599,5
12600,14
12601,10
12602,11
12603,8
12604,5
12605,5
12606,5
12607,18
12608,11
12609,14
12610,7
12611,20
12612,8
12613,19
12614,2
12615,8
12616,11
12617,5
12618,18
12619,14
12620,16
12621,17
12622,18
12623,6
12624,16
12625,5
12626,2
12627,9
12628,17
12629,8
12630,10
12631,13
12632,4
12633,10
12634,12
12635,8
12636,14
12637,12
12638,3
12639,13
12640,6
12641,13
12642,18
12643,18
12644,15
12645,8
12646,2
12647,5
12648,5
12649,7
12650,0
12651,13
12652,5
12653,19
12654,17
12655,6
12656,12
12657,7
12658,20
12659,8
12660,16
12661,6
12662,15
12663,9
12664,20
12665,4
12666,4
12667,4
12668,17
12669,18
12670,19
12671,16
12672,10
12673,13
12674,8
12675,18
12676,5
12677,15
12678,3
12679,10
12680,10
12681,7
12682,0
12683,12
12684,0
12685,14
12686,3
12687,9
12688,5
12689,17
12690,4
12691,7
12692,10
12693,6
12694,10
12695,16
12696,12
12697,5
12698,2
12699,16
12700,15
12701,6
12702,14
12703,4
12704,4
12705,19
12706,9
12707,14
12708,17
12709,11
12710,10
12711,15
12712,13
12713,15
12714,4
12715,13
12716,9
12717,3
12718,0
12719,14
12720,9
12721,10
12722,15
12723,2
12724,6
12725,7
12726,5
12727,3
12728,14
12729,16
12730,17
12731,15
12732,13
12733,0
12734,18
12735,6
12736,0
12737,16
12738,6
12739,11
12740,13
12741,9
12742,18
12743,17
12744,20
12745,17
12746,17
12747,2
12748,14
12749,4
12750,4
12751,17
12752,2
12753,6
12754,15
12755,3
12756,20
12757,11
12758,10
12759,19
12760,10
12761,5
12762,2
12763,5
12764,13
12765,19
12766,9
12767,15
12768,5
12769,20
12770,6
12771,13
12772,12
12773,13
12774,16
12775,9
12776,19
12777,3
12778,13
12779,11
12780,6
12781,15
12782,6
12783,14
12784,7
12785,9
12786,6
12787,16
12788,14
12789,19
12790,15
12791,5
12792,0
12793,11
12794,11
12795,6
12796,8
12797,19
12798,10
12799,9
12800,17
12801,10
12802,16
12803,0
12804,7
12805,19
12806,10
12807,17
12808,12
12809,17
12810,17
12811,7
12812,8
12813,2
12814,15
12815,20
12816,15
12817,12
12818,10
12819,3
12820,11
12821,3
12822,15
12823,13
12824,5
12825,7
12826,19
12827,13
12828,16
12829,8
12830,16
12831,17
12832,10
12833,16
12834,18
12835,3
12836,13
12837,12
12838,11
12839,14
12840,11
12841,18
12842,9
12843,14
12844,10
12845,16
12846,3
12847,9
12848,9
12849,12
12850,17
12851,7
12852,14
12853,6
12854,2
12855,11
12856,0
12857,7
12858,13
12859,18
12860,0
12861,6
12862,9
12863,10
12864,10
12865,0
12866,13
12867,4
12868,4
12869,4
12870,14
12871,20
12872,18
12873,11
12874,16
12875,15
12876,13
12877,10
12878,12
12879,16
12880,2
12881,17
12882,4
12883,3
12884,5
12885,11
12886,4
12887,14
12888,8
12889,6
12890,3
12891,9
12892,12
12893,18
12894,3
12895,11
12896,13
12897,9
12898,11
12899,0
12900,19
12901,3
12902,12
12903,13
12904,4
12905,0
12906,0
12907,3
12908,18
12909,15
12910,20
12911,5
12912,10
12913,17
12914,15
12915,7
12916,6
12917,5
12918,18
12919,5
12920,3
12921,0
12922,16
12923,20
12924,19
12925,15
12926,13
12927,14
12928,2
12929,4
12930,14
12931,13
12932,11
12933,4
12934,3
12935,12
12936,3
12937,5
12938,3
12939,13
12940,8
12941,6
12942,3
12943,14
12944,12
12945,13
12946,7
12947,7
12948,10
12949,9
12950,11
12951,12
12952,6
12953,2
12954,0
12955,13
12956,4
12957,5
12958,6
12959,20
12960,11
12961,14
12962,19
12963,16
12964,6
12965,18
12966,8
12967,15
12968,10
12969,3
12970,4
12971,13
12972,0
12973,14
12974,4
12975,19
12976,8
12977,8
12978,6
12979,14
12980,12
12981,4
12982,18
12983,6
12984,15
12985,8
12986,10
12987,17
12988,20
12989,18
12990,15
12991,16
12992,18
12993,2
12994,9
12995,8
12996,11
12997,17
12998,2
12999,7
13000,5
13001,4
13002,15
13003,16
13004,14
13005,14
13006,19
13007,18
13008,4
13009,7
13010,6
13011,11
13012,7
13013,11
13014,14
13015,0
13016,16
13017,8
13018,11
13019,7
13020,4
13021,3
13022,10
13023,3
13024,11
13025,7
13026,8
13027,19
13028,20
13029,2
13030,2
13031,19
13032,16
13033,4
13034,6
13035,4
13036,3
13037,15
13038,12
13039,5
13040,8
13041,4
13042,13
13043,13
13044,13
13045,5
13046,3
13047,7
13048,11
13049,7
13050,11
13051,11
13052,5
13053,15
13054,4
13055,8
13056,12
13057,0
13058,14
13059,8
13060,19
13061,6
13062,9
13063,9
13064,17
13065,11
13066,11
13067,2
13068,16
13069,7
13070,0
13071,5
13072,10
13073,4
13074,10
13075,14
13076,12
13077,18
13078,8
13079,8
13080,7
13081,11
13082,19
13083,11
13084,20
13085,4
13086,14
13087,14
13088,9
13089,2
13090,11
13091,18
13092,3
13093,16
13094,20
13095,20
13096,17
13097,2
13098,17
13099,9
13100,18
13101,11
13102,15
13103,11
13104,9
13105,12
13106,15
13107,7
13108,9
13109,4
13110,12
13111,19
13112,12
13113,15
13114,17
13115,14
13116,17
13117,11
13118,20
13119,2
13120,7
13121,6
13122,3
13123,12
13124,13
13125,6
13126,9
13127,3
13128,5
13129,19
13130,14
13131,15
13132,10
13133,2
13134,11
13135,10
13136,2
13137,11
13138,7
13139,15
13140,15
13141,2
13142,14
13143,16
13144,5
13145,2
13146,20
13147,2
13148,13
13149,0
13150,12
13151,12
13152,19
13153,13
13154,4
13155,4
13156,15
13157,16
13158,15
13159,2
13160,15
13161,6
13162,3
13163,0
13164,12
13165,12
13166,0
13167,14
13168,16
13169,7
13170,20
13171,19
13172,17
13173,19
13174,11
13175,8
13176,2
13177,11
13178,20
13179,18
13180,10
13181,13
13182,8
13183,16
13184,9
13185,3
13186,16
13187,16
13188,4
13189,0
13190,7
13191,2
13192,3
13193,2
13194,19
13195,16
13196,10
13197,0
13198,20
13199,2
13200,15
13201,16
13202,18
13203,20
13204,7
13205,8
13206,3
13207,14
13208,17
13209,6
13210,0
13211,12
13212,19
13213,15
13214,6
13215,14
13216,8
13217,17
13218,20
13219,15
13220,15
13221,3
13222,16
13223,14
13224,13
13225,6
13226,2
13227,14
13228,10
13229,15
13230,4
13231,10
13232,4
13233,14
13234,7
13235,9
13236,16
13237,15
13238,0
13239,6
13240,11
13241,12
13242,16
13243,13
13244,14
13245,7
13246,14
13247,11
13248,11
13249,10
13250,16
13251,19
13252,14
13253,14
13254,12
13255,19
13256,2
13257,17
13258,13
13259,6
13260,13
13261,14
13262,6
13263,8
13264,6
13265,11
13266,0
13267,7
13268,8
13269,4
13270,9
13271,9
13272,8
13273,13
13274,20
13275,4
13276,16
13277,18
13278,11
13279,13
13280,11
13281,19
13282,7
13283,5
13284,10
13285,8
13286,18
13287,4
13288,17
13289,2
13290,16
13291,6
13292,10
13293,3
13294,10
13295,10
13296,10
13297,8
13298,10
13299,14
13300,6
13301,6
13302,17
13303,8
13304,18
13305,11
13306,11
13307,20
13308,17
13309,6
13310,16
13311,16
13312,7
13313,3
13314,5
13315,2
13316,8
13317,12
13318,10
13319,14
13320,11
13321,13
13322,5
13323,8
13324,17
13325,15
13326,6
13327,10
13328,7
13329,10
13330,12
13331,14
13332,5
13333,7
13334,20
13335,3
13336,15
13337,16
13338,16
13339,15
13340,11
13341,17
13342,14
13343,17
13344,13
13345,14
13346,6
13347,10
13348,16
13349,10
13350,15
13351,11
13352,19
13353,8
13354,13
13355,13
13356,8
13357,14
13358,9
13359,18
13360,2
13361,4
13362,19
13363,0
13364,17
13365,11
13366,12
13367,5
13368,20
13369,4
13370,12
13371,2
13372,16
13373,6
13374,18
13375,6
13376,20
13377,20
13378,19
13379,2
13380,11
13381,11
13382,18
13383,5
13384,2
13385,13
13386,4
13387,0
13388,10
13389,15
13390,14
13391,4
13392,11
13393,12
13394,13
13395,12
13396,13
13397,16
13398,19
13399,18
13400,13
13401,9
13402,16
13403,16
13404,13
13405,19
13406,9
13407,17
13408,11
13409,15
13410,14
13411,7
13412,8
13413,11
13414,18
13415,0
13416,19
13417,6
13418,14
13419,12
13420,12
13421,16
13422,2
13423,10
13424,15
13425,7
13426,10
13427,20
13428,19
13429,9
13430,13
13431,16
13432,17
13433,2
13434,19
13435,13
13436,9
13437,9
13438,3
13439,7
13440,10
13441,3
13442,7
13443,13
13444,8
13445,5
13446,14
13447,19
13448,17
13449,19
13450,13
13451,17
13452,11
13453,6
13454,12
13455,4
13456,14
13457,15
13458,11
13459,16
13460,7
13461,18
13462,4
13463,9
13464,20
13465,3
13466,15
13467,3
13468,3
13469,5
13470,14
13471,5
13472,12
13473,16
13474,19
13475,13
13476,0
13477,10
13478,14
13479,16
13480,18
13481,17
13482,2
13483,0
13484,2
13485,4
13486,6
13487,15
13488,15
13489,9
13490,2
13491,16
13492,19
13493,9
13494,16
13495,19
13496,11
13497,0
13498,8
13499,17
13500,6
13501,8
13502,5
13503,14
13504,11
13505,14
13506,5
13507,2
13508,9
13509,7
13510,6
13511,19
13512,20
13513,3
13514,12
13515,13
13516,4
13517,5
13518,12
13519,18
13520,18
13521,12
13522,12
13523,13
13524,17
13525,15
13526,13
13527,9
13528,8
13529,11
13530,6
13531,3
13532,0
13533,13
13534,6
13535,15
13536,2
13537,5
13538,16
13539,5
13540,19
13541,16
13542,17
13543,13
13544,12
13545,18
13546,12
13547,18
13548,11
13549,10
13550,17
13551,15
13552,17
13553,14
13554,12
13555,3
13556,17
13557,14
13558,7
13559,16
13560,17
13561,13
13562,15
13563,8
13564,14
13565,10
13566,10
13567,6
13568,7
13569,15
13570,3
13571,9
13572,16
13573,14
13574,12
13575,16
13576,9
13577,8
13578,8
13579,12
13580,5
13581,12
13582,20
13583,0
13584,13
13585,17
13586,13
13587,19
13588,15
13589,4
13590,5
13591,18
13592,14
13593,0
13594,17
13595,9
13596,2
13597,2
13598,0
13599,0
13600,16
13601,7
13602,9
13603,20
13604,4
13605,12
13606,4
13607,8
13608,16
13609,3
13610,15
13611,18
13612,6
13613,3
13614,20
13615,11
13616,18
13617,10
13618,15
13619,16
13620,7
13621,18
13622,3
13623,14
13624,20
13625,2
13626,8
13627,2
13628,12
13629,0
13630,11
13631,2
13632,15
13633,4
13634,15
13635,12
13636,9
13637,4
13638,18
13639,16
13640,13
13641,4
13642,10
13643,5
13644,11
13645,18
13646,20
13647,6
13648,17
13649,15
13650,4
13651,19
13652,13
13653,11
13654,16
13655,9
13656,10
13657,0
13658,18
13659,13
13660,10
13661,2
13662,4
13663,19
13664,14
13665,11
13666,20
13667,11
13668,10
13669,8
13670,20
13671,2
13672,20
13673,2
13674,10
13675,7
13676,9
13677,3
13678,2
13679,12
13680,2
13681,12
13682,9
13683,14
13684,18
13685,10
13686,19
13687,2
13688,16
13689,5
13690,6
13691,15
13692,5
13693,0
13694,9
13695,2
13696,20
13697,6
13698,6
13699,5
13700,6
13701,0
13702,20
13703,15
13704,9
13705,7
13706,14
13707,16
13708,19
13709,0
13710,0
13711,12
13712,6
13713,20
13714,16
13715,2
13716,11
13717,5
13718,20
13719,17
13720,4
13721,8
13722,20
13723,20
13724,2
13725,13
13726,13
13727,14
13728,8
13729,12
13730,18
13731,14
13732,18
13733,4
13734,13
13735,3
13736,12
13737,20
13738,4
13739,13
13740,4
13741,18
13742,17
13743,7
13744,19
13745,9
13746,5
13747,7
13748,3
13749,0
13750,13
13751,18
13752,17
13753,17
13754,8
13755,18
13756,4
13757,11
13758,0
13759,5
13760,13
13761,5
13762,15
13763,9
13764,15
13765,8
13766,2
13767,2
13768,19
13769,10
13770,13
13771,2
13772,20
13773,12
13774,20
13775,5
13776,14
13777,3
13778,12
13779,5
13780,2
13781,10
13782,3
13783,4
13784,16
13785,9
13786,17
13787,11
13788,9
13789,17
13790,7
13791,5
13792,14
13793,18
13794,8
13795,7
13796,0
13797,8
13798,2
13799,6
13800,17
13801,10
13802,20
13803,12
13804,12
13805,15
13806,17
13807,9
13808,5
13809,18
13810,6
13811,15
13812,9
13813,18
13814,2
13815,17
13816,5
13817,8
13818,0
13819,16
13820,15
13821,14
13822,7
13823,12
13824,9
13825,7
13826,6
13827,13
13828,6
13829,5
13830,12
13831,7
13832,8
13833,13
13834,18
13835,7
13836,8
13837,7
13838,16
13839,15
13840,14
13841,18
13842,4
13843,19
13844,4
13845,2
13846,14
13847,17
13848,8
13849,17
13850,7
13851,8
13852,16
13853,4
13854,14
13855,20
13856,13
13857,13
13858,3
13859,13
13860,7
13861,0
13862,5
13863,19
13864,10
13865,4
13866,15
13867,15
13868,10
13869,7
13870,10
13871,18
13872,3
13873,6
13874,13
13875,7
13876,16
13877,12
13878,9
13879,17
13880,11
13881,2
13882,8
13883,8
13884,18
13885,8
13886,15
13887,17
13888,14
13889,4
13890,16
13891,0
13892,11
13893,16
13894,0
13895,20
13896,15
13897,5
13898,3
13899,2
13900,20
13901,5
13902,15
13903,16
13904,16
13905,4
13906,2
13907,13
13908,18
13909,10
13910,15
13911,3
13912,16
13913,16
13914,16
13915,6
13916,18
13917,16
13918,20
13919,2
13920,2
13921,4
13922,16
13923,6
13924,19
13925,9
13926,13
13927,8
13928,17
13929,13
13930,10
13931,4
13932,13
13933,4
13934,4
13935,6
13936,6
13937,2
13938,16
13939,20
13940,5
13941,2
13942,18
13943,8
13944,17
13945,5
13946,20
13947,11
13948,5
13949,19
13950,17
13951,11
13952,4
13953,19
13954,4
13955,9
13956,2
13957,13
13958,10
13959,9
13960,6
13961,13
13962,13
13963,19
13964,0
13965,5
13966,16
13967,11
13968,0
13969,17
13970,10
13971,12
13972,7
13973,9
13974,3
13975,18
13976,9
13977,8
13978,19
13979,5
13980,10
13981,18
13982,2
13983,6
13984,6
13985,15
13986,19
13987,13
13988,15
13989,8
13990,16
13991,7
13992,0
13993,12
13994,13
13995,15
13996,5
13997,12
13998,2
13999,6
14000,2
14001,15
14002,18
14003,16
14004,4
14005,4
14006,17
14007,15
14008,3
14009,5
14010,12
14011,12
14012,4
14013,6
14014,13
14015,0
14016,7
14017,10
14018,7
14019,12
14020,9
14021,10
14022,6
14023,7
14024,2
14025,17
14026,14
14027,2
14028,15
14029,17
14030,17
14031,15
14032,3
14033,3
14034,15
14035,13
14036,15
14037,17
14038,19
14039,14
14040,10
14041,10
14042,8
14043,9
14044,12
14045,12
14046,7
14047,9
14048,17
14049,14
14050,6
14051,4
14052,18
14053,16
14054,16
14055,10
14056,5
14057,4
14058,5
14059,11
14060,5
14061,16
14062,3
14063,10
14064,18
14065,9
14066,19
14067,6
14068,9
14069,2
14070,2
14071,16
14072,16
14073,6
14074,17
14075,4
14076,13
14077,11
14078,11
14079,3
14080,2
14081,20
14082,8
14083,4
14084,11
14085,18
14086,18
14087,4
14088,10
14089,14
14090,11
14091,14
14092,16
14093,7
14094,0
14095,5
14096,17
14097,14
14098,10
14099,16
14100,14
14101,11
14102,6
14103,4
14104,3
14105,5
14106,7
14107,7
14108,2
14109,8
14110,9
14111,7
14112,7
14113,13
14114,14
14115,19
14116,6
14117,4
14118,11
14119,14
14120,7
14121,4
14122,11
14123,3
14124,11
14125,13
14126,12
14127,7
14128,16
14129,3
14130,6
14131,13
14132,7
14133,4
14134,0
14135,20
14136,11
14137,4
14138,4
14139,5
14140,15
14141,11
14142,2
14143,9
14144,2
14145,7
14146,4
14147,7
14148,0
14149,8
14150,5
14151,13
14152,12
14153,8
14154,6
14155,16
14156,19
14157,3
14158,2
14159,7
14160,12
14161,0
14162,16
14163,14
14164,12
14165,10
14166,5
14167,11
14168,8
14169,19
14170,9
14171,10
14172,4
14173,20
14174,8
14175,9
14176,16
14177,5
14178,0
14179,10
14180,19
14181,14
14182,8
14183,4
14184,14
14185,5
14186,2
14187,3
14188,15
14189,10
14190,17
14191,2
14192,13
14193,9
14194,18
14195,11
14196,0
14197,20
14198,6
14199,16
14200,7
14201,9
14202,18
14203,4
14204,3
14205,17
14206,15
14207,20
14208,3
14209,20
14210,13
14211,7
14212,3
14213,9
14214,18
14215,2
14216,20
14217,6
14218,8
14219,9
14220,7
14221,13
14222,11
14223,8
14224,12
14225,10
14226,19
14227,14
14228,19
14229,13
14230,15
14231,12
14232,14
14233,13
14234,2
14235,0
14236,17
14237,14
14238,5
14239,14
14240,15
14241,16
14242,14
14243,14
14244,10
14245,9
14246,16
14247,9
14248,4
14249,19
14250,3
14251,16
14252,6
14253,2
14254,4
14255,3
14256,7
14257,19
14258,4
14259,17
14260,8
14261,9
14262,9
14263,15
14264,6
14265,2
14266,14
14267,11
14268,13
14269,11
14270,3
14271,13
14272,13
14273,7
14274,6
14275,5
14276,9
14277,6
14278,4
14279,11
14280,13
14281,7
14282,4
14283,2
14284,0
14285,12
14286,9
14287,2
14288,11
14289,20
14290,11
14291,17
14292,11
14293,8
14294,2
14295,2
14296,12
14297,16
14298,19
14299,12
14300,16
14301,12
14302,15
14303,15
14304,11
14305,6
14306,20
14307,19
14308,13
14309,13
14310,15
14311,15
14312,2
14313,4
14314,19
14315,10
14316,9
14317,6
14318,9
14319,15
14320,2
14321,4
14322,12
14323,7
14324,18
14325,13
14326,14
14327,4
14328,20
14329,10
14330,15
14331,14
14332,15
14333,13
14334,15
14335,20
14336,5
14337,2
14338,16
14339,12
14340,20
14341,10
14342,2
14343,10
14344,12
14345,16
14346,7
14347,10
14348,13
14349,3
14350,16
14351,5
14352,15
14353,0
14354,5
14355,3
14356,5
14357,4
14358,7
14359,18
14360,18
14361,18
14362,20
14363,14
14364,9
14365,5
14366,13
14367,12
14368,19
14369,5
14370,7
14371,7
14372,9
14373,17
14374,19
14375,16
14376,5
14377,14
14378,13
14379,5
14380,14
14381,20
14382,20
14383,4
14384,20
14385,17
14386,8
14387,13
14388,8
14389,11
14390,12
14391,4
14392,9
14393,15
14394,14
14395,15
14396,15
14397,0
14398,9
14399,9
14400,6
14401,11
14402,6
14403,2
14404,17
14405,9
14406,11
14407,20
14408,7
14409,7
14410,18
14411,2
14412,14
14413,9
14414,0
14415,7
14416,12
14417,2
14418,16
14419,11
14420,17
14421,12
14422,0
14423,10
14424,8
14425,17
14426,11
14427,10
14428,12
14429,9
14430,10
14431,13
14432,19
14433,17
14434,17
14435,18
14436,13
14437,19
14438,20
14439,13
14440,15
14441,5
14442,0
14443,8
14444,6
14445,4
14446,4
14447,9
14448,4
14449,11
14450,16
14451,12
14452,6
14453,8
14454,5
14455,3
14456,9
14457,12
14458,7
14459,18
14460,11
14461,13
14462,18
14463,19
14464,15
14465,7
14466,10
14467,5
14468,3
14469,14
14470,13
14471,3
14472,18
14473,11
14474,13
14475,12
14476,2
14477,20
14478,12
14479,6
14480,15
14481,3
14482,3
14483,17
14484,15
14485,19
14486,11
14487,3
14488,15
14489,10
14490,16
14491,2
14492,20
14493,18
14494,7
14495,6
14496,13
14497,15
14498,4
14499,0
14500,4
14501,20
14502,12
14503,10
14504,4
14505,17
14506,14
14507,8
14508,15
14509,20
14510,4
14511,16
14512,8
14513,12
14514,5
14515,6
14516,15
14517,7
14518,13
14519,5
14520,10
14521,3
14522,15
14523,9
14524,12
14525,3
14526,17
14527,8
14528,9
14529,13
14530,7
14531,5
14532,18
14533,9
14534,10
14535,19
14536,4
14537,19
14538,12
14539,17
14540,9
14541,2
14542,13
14543,13
14544,18
14545,12
14546,11
14547,16
14548,2
14549,11
14550,15
14551,14
14552,4
14553,3
14554,2
14555,8
14556,7
14557,11
14558,6
14559,9
14560,9
14561,14
14562,5
14563,13
14564,11
14565,4
14566,11
14567,13
14568,19
14569,6
14570,10
14571,2
14572,20
14573,9
14574,8
14575,9
14576,0
14577,6
14578,7
14579,10
14580,2
14581,16
14582,10
14583,0
14584,7
14585,11
14586,2
14587,9
14588,11
14589,12
14590,7
14591,6
14592,15
14593,4
14594,11
14595,2
14596,7
14597,11
14598,10
14599,8
14600,12
14601,0
14602,0
14603,4
14604,10
14605,14
14606,0
14607,15
14608,10
14609,4
14610,2
14611,6
14612,9
14613,13
14614,4
14615,15
14616,9
14617,4
14618,0
14619,9
14620,12
14621,6
14622,11
14623,7
14624,16
14625,14
14626,3
14627,18
14628,7
14629,9
14630,3
14631,15
14632,5
14633,12
14634,19
14635,2
14636,12
14637,5
14638,4
14639,11
14640,16
14641,5
14642,13
14643,17
14644,11
14645,9
14646,14
14647,13
14648,8
14649,16
14650,11
14651,7
14652,20
14653,10
14654,9
14655,2
14656,2
14657,18
14658,9
14659,3
14660,2
14661,4
14662,5
14663,16
14664,8
14665,5
14666,6
14667,9
14668,13
14669,0
14670,16
14671,20
14672,3
14673,10
14674,12
14675,14
14676,17
14677,18
14678,5
14679,17
14680,16
14681,16
14682,9
14683,7
14684,8
14685,13
14686,12
14687,9
14688,15
14689,4
14690,2
14691,16
14692,10
14693,4
14694,16
14695,19
14696,2
14697,17
14698,8
14699,12
14700,12
14701,2
14702,2
14703,18
14704,11
14705,20
14706,11
14707,3
14708,16
14709,6
14710,11
14711,0
14712,15
14713,15
14714,12
14715,3
14716,4
14717,6
14718,11
14719,9
14720,9
14721,16
14722,6
14723,12
14724,7
14725,18
14726,9
14727,6
14728,16
14729,9
14730,11
14731,12
14732,12
14733,20
14734,11
14735,19
14736,8
14737,0
14738,8
14739,19
14740,12
14741,10
14742,10
14743,2
14744,17
14745,17
14746,3
14747,12
14748,14
14749,5
14750,16
14751,7
14752,8
14753,5
14754,11
14755,12
14756,12
14757,4
14758,17
14759,13
14760,17
14761,10
14762,0
14763,4
14764,10
14765,10
14766,18
14767,16
14768,18
14769,7
14770,18
14771,2
14772,19
14773,7
14774,15
14775,5
14776,15
14777,7
14778,5
14779,9
14780,3
14781,8
14782,0
14783,7
14784,2
14785,12
14786,11
14787,2
14788,15
14789,8
14790,14
14791,2
14792,20
14793,18
14794,14
14795,10
14796,13
14797,9
14798,16
14799,10
14800,6
14801,16
14802,18
14803,13
14804,9
14805,11
14806,13
14807,6
14808,11
14809,0
14810,14
14811,4
14812,4
14813,8
14814,8
14815,18
14816,18
14817,8
14818,4
14819,11
14820,11
14821,10
14822,15
14823,10
14824,17
14825,10
14826,3
14827,8
14828,18
14829,19
14830,20
14831,14
14832,19
14833,6
14834,12
14835,16
14836,11
14837,18
14838,8
14839,11
14840,14
14841,18
14842,16
14843,0
14844,13
14845,18
14846,15
14847,9
14848,9
14849,9
14850,2
14851,12
14852,14
14853,5
14854,8
14855,5
14856,6
14857,2
14858,10
14859,0
14860,4
14861,6
14862,18
14863,14
14864,8
14865,17
14866,11
14867,2
14868,12
14869,5
14870,16
14871,19
14872,14
14873,11
14874,3
14875,10
14876,15
14877,16
14878,2
14879,12
14880,15
14881,19
14882,14
14883,20
14884,0
14885,9
14886,12
14887,7
14888,15
14889,14
14890,5
14891,10
14892,8
14893,16
14894,8
14895,0
14896,10
14897,12
14898,13
14899,5
14900,2
14901,5
14902,16
14903,9
14904,3
14905,8
14906,15
14907,5
14908,17
14909,6
14910,16
14911,15
14912,10
14913,16
14914,5
14915,12
14916,10
14917,11
14918,12
14919,12
14920,11
14921,10
14922,11
14923,2
14924,0
14925,13
14926,11
14927,11
14928,9
14929,4
14930,0
14931,10
14932,6
14933,10
14934,14
14935,2
14936,18
14937,4
14938,18
14939,14
14940,17
14941,6
14942,11
14943,3
14944,10
14945,9
14946,2
14947,4
14948,8
14949,18
14950,18
14951,0
14952,9
14953,14
14954,16
14955,4
14956,8
14957,10
14958,15
14959,18
14960,17
14961,15
14962,3
14963,15
14964,3
14965,15
14966,15
14967,6
14968,17
14969,19
14970,7
14971,13
14972,6
14973,11
14974,11
14975,12
14976,15
14977,10
14978,8
14979,10
14980,15
14981,18
14982,2
14983,7
14984,7
14985,2
14986,9
14987,2
14988,16
14989,2
14990,2
14991,12
14992,13
14993,18
14994,14
14995,11
14996,5
14997,8
14998,8
14999,16
15000,2
15001,2
15002,6
15003,4
15004,14
15005,6
15006,6
15007,12
15008,15
15009,5
15010,18
15011,14
15012,4
15013,3
15014,16
15015,0
15016,14
15017,20
15018,10
15019,3
15020,17
15021,9
15022,19
15023,20
15024,15
15025,16
15026,3
15027,17
15028,11
15029,13
15030,18
15031,17
15032,3
15033,19
15034,19
15035,13
15036,4
15037,7
15038,9
15039,12
15040,4
15041,16
15042,9
15043,7
15044,18
15045,13
15046,5
15047,18
15048,13
15049,2
15050,2
15051,9
15052,10
15053,19
15054,9
15055,4
15056,11
15057,9
15058,5
15059,13
15060,6
15061,8
15062,13
15063,18
15064,18
15065,13
15066,17
15067,19
15068,15
15069,10
15070,9
15071,6
15072,12
15073,12
15074,13
15075,6
15076,18
15077,7
15078,16
15079,8
15080,3
15081,3
15082,16
15083,6
15084,15
15085,7
15086,6
15087,19
15088,3
15089,4
15090,7
15091,20
15092,17
15093,0
15094,4
15095,5
15096,15
15097,3
15098,16
15099,18
15100,5
15101,0
15102,3
15103,15
15104,4
15105,5
15106,8
15107,6
15108,14
15109,15
15110,17
15111,4
15112,11
15113,0
15114,2
15115,13
15116,8
15117,9
15118,12
15119,13
15120,19
15121,14
15122,15
15123,12
15124,8
15125,13
15126,6
15127,5
15128,14
15129,7
15130,5
15131,10
15132,13
15133,15
15134,9
15135,11
15136,19
15137,15
15138,11
15139,7
15140,19
15141,7
15142,9
15143,13
15144,6
15145,20
15146,9
15147,3
15148,2
15149,19
15150,20
15151,11
15152,18
15153,15
15154,6
15155,9
15156,15
15157,10
15158,12
15159,16
15160,14
15161,10
15162,7
15163,3
15164,15
15165,15
15166,4
15167,5
15168,12
15169,6
15170,20
15171,0
15172,2
15173,8
15174,16
15175,20
15176,14
15177,2
15178,20
15179,13
15180,13
15181,2
15182,8
15183,8
15184,15
15185,5
15186,12
15187,6
15188,2
15189,3
15190,5
15191,15
15192,6
15193,0
15194,11
15195,9
15196,16
15197,5
15198,2
15199,3
15200,6
15201,2
15202,9
15203,0
15204,14
15205,17
15206,2
15207,2
15208,14
15209,12
15210,18
15211,3
15212,3
15213,19
15214,16
15215,3
15216,17
15217,19
15218,12
15219,3
15220,20
15221,5
15222,11
15223,14
15224,20
15225,14
15226,6
15227,14
15228,11
15229,7
15230,16
15231,13
15232,9
15233,5
15234,14
15235,5
15236,12
15237,13
15238,7
15239,20
15240,13
15241,19
15242,12
15243,4
15244,14
15245,14
15246,14
15247,18
15248,2
15249,12
15250,8
15251,19
15252,19
15253,20
15254,15
15255,18
15256,0
15257,11
15258,12
15259,16
15260,12
15261,12
15262,20
15263,9
15264,6
15265,13
15266,14
15267,5
15268,9
15269,19
15270,14
15271,17
15272,5
15273,6
15274,11
15275,19
15276,4
15277,17
15278,2
15279,7
15280,6
15281,10
15282,8
15283,19
15284,5
15285,15
15286,13
15287,4
15288,11
15289,0
15290,17
15291,5
15292,13
15293,13
15294,6
15295,5
15296,11
15297,16
15298,18
15299,5
15300,16
15301,16
15302,7
15303,11
15304,17
15305,13
15306,10
15307,12
15308,13
15309,4
15310,16
15311,10
15312,4
15313,17
15314,12
15315,0
15316,16
15317,15
15318,2
15319,0
15320,6
15321,0
15322,0
15323,18
15324,9
15325,0
15326,8
15327,6
15328,18
15329,15
15330,11
15331,4
15332,15
15333,20
15334,7
15335,9
15336,6
15337,3
15338,14
15339,4
15340,8
15341,14
15342,6
15343,10
15344,13
15345,17
15346,18
15347,6
15348,20
15349,2
15350,9
15351,16
15352,10
15353,2
15354,4
15355,14
15356,17
15357,17
15358,16
15359,2
15360,10
15361,9
15362,14
15363,8
15364,17
15365,4
15366,3
15367,7
15368,14
15369,11
15370,8
15371,13
15372,15
15373,18
15374,17
15375,4
15376,0
15377,9
15378,18
15379,19
15380,11
15381,2
15382,18
15383,6
15384,19
15385,5
15386,19
15387,9
15388,3
15389,16
15390,9
15391,6
15392,4
15393,11
15394,12
15395,17
15396,18
15397,15
15398,20
15399,13
15400,15
15401,19
15402,12
15403,7
15404,9
15405,3
15406,13
15407,5
15408,0
15409,2
15410,17
15411,2
15412,15
15413,5
15414,18
15415,13
15416,14
15417,9
15418,12
15419,16
15420,14
15421,12
15422,13
15423,2
15424,15
15425,15
15426,16
15427,18
15428,12
15429,5
15430,13
15431,0
15432,15
15433,5
15434,10
15435,20
15436,13
15437,18
15438,6
15439,18
15440,18
15441,0
15442,4
15443,10
15444,14
15445,20
15446,10
15447,9
15448,20
15449,10
15450,17
15451,2
15452,2
15453,11
15454,19
15455,19
15456,0
15457,17
15458,6
15459,10
15460,6
15461,5
15462,7
15463,0
15464,8
15465,4
15466,17
15467,16
15468,18
15469,14
15470,4
15471,2
15472,5
15473,13
15474,15
15475,4
15476,3
15477,18
15478,16
15479,16
15480,11
15481,16
15482,20
15483,5
15484,14
15485,10
15486,10
15487,8
15488,4
15489,18
15490,13
15491,3
15492,10
15493,20
15494,20
15495,13
15496,13
15497,2
15498,10
15499,10
15500,17
15501,4
15502,12
15503,15
15504,17
15505,18
15506,12
15507,18
15508,4
15509,12
15510,20
15511,2
15512,12
15513,4
15514,12
15515,4
15516,7
15517,6
15518,3
15519,10
15520,3
15521,2
15522,10
15523,3
15524,11
15525,20
15526,8
15527,5
15528,19
15529,13
15530,6
15531,10
15532,19
15533,8
15534,11
15535,16
15536,18
15537,13
15538,4
15539,2
15540,20
15541,16
15542,4
15543,14
15544,19
15545,2
15546,12
15547,7
15548,12
15549,16
15550,13
15551,4
15552,15
15553,6
15554,6
15555,4
15556,12
15557,10
15558,8
15559,10
15560,13
15561,16
15562,10
15563,3
15564,0
15565,14
15566,12
15567,18
15568,6
15569,4
15570,8
15571,10
15572,9
15573,9
15574,13
15575,5
15576,14
15577,6
15578,5
15579,2
15580,9
15581,14
15582,0
15583,6
15584,3
15585,7
15586,0
15587,6
15588,12
15589,12
15590,3
15591,14
15592,7
15593,18
15594,17
15595,19
15596,16
15597,9
15598,19
15599,12
15600,20
15601,4
15602,14
15603,15
15604,2
15605,11
15606,19
15607,4
15608,0
15609,16
15610,15
15611,17
15612,4
15613,13
15614,5
15615,6
15616,17
15617,20
15618,10
15619,20
15620,8
15621,8
15622,15
15623,10
15624,19
15625,3
15626,20
15627,0
15628,14
15629,19
15630,11
15631,19
15632,10
15633,7
15634,5
15635,16
15636,0
15637,3
15638,20
15639,7
15640,8
15641,4
15642,12
15643,16
15644,15
15645,18
15646,6
15647,9
15648,9
15649,5
15650,8
15651,9
15652,8
15653,3
15654,8
15655,8
15656,4
15657,16
15658,11
15659,13
15660,15
15661,12
15662,3
15663,6
15664,2
15665,12
15666,3
15667,6
15668,4
15669,15
15670,19
15671,12
15672,13
15673,17
15674,8
15675,2
15676,15
15677,19
15678,14
15679,19
15680,3
15681,5
15682,12
15683,11
15684,9
15685,15
15686,18
15687,15
15688,7
15689,11
15690,2
15691,5
15692,20
15693,18
15694,0
15695,20
15696,15
15697,20
15698,14
15699,18
15700,13
15701,0
15702,20
15703,17
15704,17
15705,0
15706,5
15707,17
15708,15
15709,11
15710,17
15711,8
15712,2
15713,4
15714,7
15715,11
15716,6
15717,0
15718,17
15719,15
15720,6
15721,13
15722,14
15723,3
15724,19
15725,6
15726,10
15727,2
15728,20
15729,14
15730,3
15731,14
15732,18
15733,10
15734,14
15735,2
15736,0
15737,10
15738,5
15739,8
15740,15
15741,19
15742,17
15743,5
15744,4
15745,15
15746,9
15747,4
15748,9
15749,0
15750,12
15751,15
15752,17
15753,13
15754,2
15755,13
15756,3
15757,4
15758,4
15759,15
15760,19
15761,19
15762,8
15763,6
15764,9
15765,2
15766,9
15767,17
15768,13
15769,13
15770,15
15771,5
15772,14
15773,3
15774,15
15775,19
15776,9
15777,19
15778,16
15779,4
15780,16
15781,6
15782,10
15783,3
15784,3
15785,18
15786,20
15787,2
15788,14
15789,14
15790,4
15791,17
15792,11
15793,3
15794,9
15795,7
15796,14
15797,4
15798,2
15799,9
15800,13
15801,13
15802,13
15803,4
15804,3
15805,10
15806,4
15807,16
15808,14
15809,11
15810,13
15811,18
15812,12
15813,16
15814,18
15815,19
15816,7
15817,9
15818,19
15819,12
15820,8
15821,9
15822,2
15823,9
15824,3
15825,16
15826,12
15827,12
15828,2
15829,2
15830,6
15831,3
15832,11
15833,12
15834,16
15835,14
15836,2
15837,6
15838,11
15839,9
15840,8
15841,5
15842,16
15843,13
15844,14
15845,11
15846,6
15847,8
15848,18
15849,12
15850,17
15851,13
15852,8
15853,17
15854,19
15855,16
15856,2
15857,16
15858,19
15859,14
15860,7
15861,12
15862,5
15863,6
15864,16
15865,13
15866,13
15867,14
15868,6
15869,16
15870,11
15871,19
15872,16
15873,13
15874,13
15875,0
15876,13
15877,5
15878,15
15879,9
15880,12
15881,19
15882,5
15883,8
15884,7
15885,4
15886,12
15887,4
15888,18
15889,6
15890,11
15891,10
15892,4
15893,0
15894,13
15895,0
15896,6
15897,17
15898,17
15899,20
15900,10
15901,16
15902,14
15903,16
15904,20
15905,15
15906,13
15907,17
15908,8
15909,9
15910,15
15911,17
15912,18
15913,8
15914,16
15915,13
15916,19
15917,15
15918,16
15919,4
15920,6
15921,17
15922,8
15923,15
15924,0
15925,13
15926,5
15927,8
15928,0
15929,15
15930,9
15931,9
15932,17
15933,3
15934,9
15935,12
15936,5
15937,16
15938,3
15939,13
15940,2
15941,15
15942,12
15943,13
15944,7
15945,11
15946,15
15947,8
15948,3
15949,2
15950,18
15951,12
15952,20
15953,19
15954,17
15955,19
15956,7
15957,9
15958,19
15959,3
15960,19
15961,14
15962,8
15963,15
15964,16
15965,13
15966,2
15967,15
15968,17
15969,11
15970,17
15971,17
15972,3
15973,9
15974,4
15975,16
15976,4
15977,3
15978,14
15979,3
15980,19
15981,8
15982,9
15983,15
15984,11
15985,17
15986,13
15987,9
15988,8
15989,9
15990,14
15991,11
15992,14
15993,18
15994,5
15995,10
15996,0
15997,18
15998,12
15999,0
16000,2
16001,0
16002,15
16003,7
16004,10
16005,2
16006,8
16007,10
16008,13
16009,10
16010,10
16011,2
16012,5
16013,15
16014,13
16015,7
16016,2
16017,10
16018,14
16019,5
16020,10
16021,17
16022,7
16023,11
16024,13
16025,20
16026,4
16027,16
16028,0
16029,8
16030,5
16031,4
16032,6
16033,18
16034,10
16035,13
16036,5
16037,4
16038,5
16039,5
16040,18
16041,4
16042,11
16043,18
16044,9
16045,15
16046,13
16047,16
16048,3
16049,8
16050,9
16051,11
16052,8
16053,17
16054,13
16055,2
16056,13
16057,0
16058,20
16059,13
16060,12
16061,17
16062,3
16063,0
16064,8
16065,17
16066,14
16067,14
16068,11
16069,13
16070,11
16071,5
16072,0
16073,14
16074,17
16075,3
16076,13
16077,17
16078,2
16079,7
16080,15
16081,4
16082,8
16083,17
16084,5
16085,8
16086,6
16087,11
16088,17
16089,6
16090,3
16091,16
16092,15
16093,9
16094,14
16095,10
16096,12
16097,6
16098,0
16099,17
16100,18
16101,3
16102,12
16103,14
16104,8
16105,14
16106,4
16107,20
16108,7
16109,4
16110,4
16111,8
16112,8
16113,14
16114,6
16115,10
16116,3
16117,10
16118,0
16119,18
16120,0
16121,6
16122,5
16123,17
16124,3
16125,16
16126,0
16127,19
16128,4
16129,7
16130,9
16131,20
16132,11
16133,2
16134,4
16135,11
16136,16
16137,19
16138,5
16139,2
16140,9
16141,5
16142,8
16143,18
16144,20
16145,9
16146,8
16147,9
16148,19
16149,20
16150,18
16151,10
16152,19
16153,13
16154,6
16155,19
16156,15
16157,17
16158,20
16159,14
16160,20
16161,0
16162,5
16163,15
16164,14
16165,4
16166,19
16167,8
16168,5
16169,4
16170,13
16171,8
16172,12
16173,6
16174,19
16175,8
16176,8
16177,15
16178,8
16179,11
16180,0
16181,2
16182,6
16183,13
16184,3
16185,8
16186,0
16187,15
16188,3
16189,7
16190,7
16191,18
16192,13
16193,6
16194,2
16195,10
16196,13
16197,14
16198,8
16199,19
16200,12
16201,6
16202,14
16203,18
16204,12
16205,5
16206,18
16207,5
16208,13
16209,13
16210,4
16211,17
16212,18
16213,3
16214,8
16215,19
16216,4
16217,12
16218,17
16219,9
16220,16
16221,13
16222,10
16223,15
16224,19
16225,15
16226,3
16227,13
16228,4
16229,6
16230,7
16231,8
16232,4
16233,4
16234,11
16235,7
16236,15
16237,8
16238,20
16239,12
16240,8
16241,11
16242,3
16243,13
16244,17
16245,17
16246,15
16247,17
16248,5
16249,20
16250,13
16251,19
16252,11
16253,11
16254,4
16255,17
16256,11
16257,9
16258,18
16259,14
16260,3
16261,17
16262,16
16263,8
16264,13
16265,13
16266,5
16267,2
16268,10
16269,7
16270,11
16271,14
16272,12
16273,0
16274,18
16275,8
16276,12
16277,13
16278,11
16279,11
16280,15
16281,7
16282,2
16283,19
16284,11
16285,6
16286,4
16287,13
16288,17
16289,11
16290,7
16291,12
16292,6
16293,12
16294,9
16295,10
16296,13
16297,15
16298,2
16299,16
16300,14
16301,10
16302,4
16303,0
16304,3
16305,10
16306,14
16307,9
16308,6
16309,7
16310,2
16311,4
16312,9
16313,11
16314,8
16315,15
16316,0
16317,14
16318,8
16319,18
16320,11
16321,20
16322,14
16323,4
16324,8
16325,7
16326,12
16327,3
16328,15
16329,2
16330,13
16331,12
16332,16
16333,16
16334,16
16335,16
16336,20
16337,4
16338,12
16339,19
16340,16
16341,8
16342,2
16343,12
16344,17
16345,2
16346,8
16347,4
16348,15
16349,13
16350,14
16351,5
16352,5
16353,8
16354,7
16355,15
16356,0
16357,17
16358,13
16359,19
16360,14
16361,12
16362,7
16363,9
16364,16
16365,7
16366,5
16367,0
16368,13
16369,5
16370,5
16371,6
16372,7
16373,10
16374,15
16375,13
16376,8
16377,12
16378,8
16379,4
16380,18
16381,18
16382,5
16383,15
16384,3
16385,18
16386,4
16387,14
16388,8
16389,14
16390,2
16391,4
16392,7
16393,6
16394,18
16395,14
16396,5
16397,20
16398,5
16399,0
16400,8
16401,19
16402,13
16403,10
16404,5
16405,2
16406,15
16407,9
16408,3
16409,8
16410,12
16411,13
16412,16
16413,5
16414,18
16415,16
16416,2
16417,17
16418,9
16419,13
16420,13
16421,9
16422,14
16423,16
16424,18
16425,9
16426,19
16427,10
16428,11
16429,9
16430,17
16431,19
16432,16
16433,17
16434,0
16435,11
16436,15
16437,6
16438,11
16439,18
16440,0
16441,15
16442,6
16443,0
16444,10
16445,7
16446,10
16447,16
16448,17
16449,5
16450,11
16451,8
16452,15
16453,16
16454,6
16455,10
16456,18
16457,4
16458,6
16459,9
16460,20
16461,2
16462,11
16463,15
16464,12
16465,6
16466,10
16467,3
16468,11
16469,2
16470,2
16471,18
16472,16
16473,10
16474,9
16475,10
16476,5
16477,17
16478,9
16479,11
16480,11
16481,6
16482,12
16483,13
16484,0
16485,7
16486,11
16487,6
16488,20
16489,12
16490,15
16491,5
16492,17
16493,19
16494,19
16495,6
16496,10
16497,20
16498,0
16499,11
16500,12
16501,11
16502,20
16503,8
16504,5
16505,2
16506,10
16507,8
16508,0
16509,2
16510,9
16511,4
16512,11
16513,0
16514,14
16515,7
16516,11
16517,20
16518,12
16519,15
16520,4
16521,12
16522,16
16523,20
16524,8
16525,5
16526,2
16527,8
16528,16
16529,16
16530,5
16531,3
16532,7
16533,12
16534,16
16535,8
16536,0
16537,17
16538,12
16539,17
16540,2
16541,3
16542,16
16543,2
16544,2
16545,7
16546,7
16547,19
16548,11
16549,5
16550,16
16551,5
16552,16
16553,16
16554,17
16555,17
16556,18
16557,8
16558,0
16559,16
16560,0
16561,19
16562,15
16563,7
16564,5
16565,4
16566,4
16567,3
16568,5
16569,19
16570,16
16571,11
16572,14
16573,13
16574,7
16575,12
16576,16
16577,4
16578,16
16579,4
16580,10
16581,9
16582,8
16583,9
16584,13
16585,20
16586,2
16587,6
16588,7
16589,6
16590,13
16591,13
16592,19
16593,14
16594,8
16595,16
16596,9
16597,2
16598,4
16599,9
16600,6
16601,13
16602,7
16603,16
16604,5
16605,0
16606,12
16607,3
16608,2
16609,14
16610,11
16611,0
16612,14
16613,8
16614,5
16615,13
16616,14
16617,11
16618,2
16619,8
16620,16
16621,8
16622,2
16623,18
16624,4
16625,2
16626,0
16627,10
16628,5
16629,7
16630,4
16631,11
16632,8
16633,11
16634,4
16635,16
16636,19
16637,19
16638,7
16639,14
16640,16
16641,10
16642,16
16643,9
16644,11
16645,12
16646,9
16647,16
16648,17
16649,2
16650,16
16651,6
16652,9
16653,17
16654,17
16655,7
16656,12
16657,13
16658,11
16659,12
16660,10
16661,4
16662,20
16663,6
16664,14
16665,15
16666,3
16667,10
16668,5
16669,6
16670,12
16671,10
16672,11
16673,10
16674,17
16675,4
16676,13
16677,0
16678,5
16679,17
16680,10
16681,14
16682,3
16683,2
16684,2
16685,14
16686,5
16687,8
16688,5
16689,15
16690,6
16691,9
16692,8
16693,2
16694,13
16695,10
16696,12
16697,14
16698,17
16699,13
16700,20
16701,3
16702,20
16703,15
16704,10
16705,15
16706,12
16707,14
16708,11
16709,7
16710,13
16711,13
16712,19
16713,18
16714,6
16715,16
16716,3
16717,13
16718,8
16719,13
16720,11
16721,18
16722,16
16723,0
16724,4
16725,9
16726,9
16727,7
16728,12
16729,6
16730,0
16731,3
16732,18
16733,16
16734,0
16735,9
16736,12
16737,0
16738,3
16739,16
16740,6
16741,3
16742,20
16743,18
16744,2
16745,10
16746,4
16747,20
16748,8
16749,6
16750,7
16751,10
16752,10
16753,12
16754,5
16755,16
16756,18
16757,4
16758,16
16759,16
16760,18
16761,11
16762,6
16763,20
16764,17
16765,13
16766,15
16767,14
16768,8
16769,10
16770,9
16771,7
16772,3
16773,10
16774,12
16775,9
16776,16
16777,5
16778,7
16779,13
16780,19
16781,3
16782,5
16783,13
16784,9
16785,4
16786,11
16787,14
16788,16
16789,4
16790,9
16791,11
16792,7
16793,2
16794,2
16795,8
16796,5
16797,3
16798,19
16799,15
16800,16
16801,10
16802,3
16803,8
16804,16
16805,19
16806,17
16807,9
16808,6
16809,18
16810,3
16811,10
16812,17
16813,5
16814,6
16815,17
16816,16
16817,4
16818,4
16819,18
16820,10
16821,4
16822,9
16823,17
16824,16
16825,13
16826,11
16827,9
16828,13
16829,12
16830,13
16831,12
16832,5
16833,7
16834,12
16835,3
16836,18
16837,16
16838,5
16839,20
16840,4
16841,2
16842,7
16843,17
16844,5
16845,12
16846,15
16847,16
16848,18
16849,8
16850,12
16851,13
16852,3
16853,13
16854,6
16855,11
16856,11
16857,9
16858,9
16859,2
16860,19
16861,7
16862,0
16863,17
16864,7
16865,18
16866,14
16867,16
16868,12
16869,12
16870,3
16871,7
16872,4
16873,8
16874,10
16875,6
16876,7
16877,9
16878,2
16879,20
16880,5
16881,9
16882,2
16883,16
16884,10
16885,14
16886,3
16887,4
16888,5
16889,19
16890,19
16891,16
16892,4
16893,11
16894,11
16895,5
16896,0
16897,14
16898,20
16899,19
16900,19
16901,14
16902,9
16903,3
16904,5
16905,2
16906,19
16907,4
16908,13
16909,10
16910,0
16911,5
16912,9
16913,3
16914,5
16915,0
16916,3
16917,6
16918,4
16919,19
16920,13
16921,11
16922,14
16923,10
16924,3
16925,4
16926,16
16927,2
16928,7
16929,2
16930,15
16931,8
16932,7
16933,17
16934,2
16935,4
16936,6
16937,2
16938,2
16939,10
16940,17
16941,4
16942,6
16943,3
16944,12
16945,15
16946,20
16947,11
16948,8
16949,2
16950,17
16951,0
16952,6
16953,20
16954,6
16955,18
16956,7
16957,5
16958,17
16959,11
16960,11
16961,9
16962,19
16963,20
16964,18
16965,17
16966,5
16967,12
16968,15
16969,17
16970,0
16971,10
16972,5
16973,9
16974,3
16975,13
16976,0
16977,17
16978,19
16979,5
16980,11
16981,16
16982,20
16983,20
16984,14
16985,0
16986,4
16987,11
16988,13
16989,20
16990,7
16991,10
16992,14
16993,3
16994,7
16995,16
16996,13
16997,11
16998,15
16999,3
17000,9
17001,20
17002,10
17003,18
17004,18
17005,18
17006,15
17007,17
17008,10
17009,18
17010,0
17011,14
17012,14
17013,19
17014,2
17015,9
17016,7
17017,20
17018,13
17019,11
17020,13
17021,17
17022,11
17023,16
17024,14
17025,7
17026,3
17027,2
17028,14
17029,17
17030,0
17031,9
17032,19
17033,8
17034,8
17035,9
17036,14
17037,10
17038,5
17039,9
17040,19
17041,8
17042,7
17043,5
17044,6
17045,19
17046,14
17047,15
17048,17
17049,0
17050,6
17051,12
17052,18
17053,2
17054,15
17055,16
17056,19
17057,16
17058,11
17059,9
17060,0
17061,9
17062,9
17063,15
17064,0
17065,8
17066,14
17067,2
17068,10
17069,4
17070,8
17071,19
17072,18
17073,17
17074,14
17075,14
17076,7
17077,15
17078,15
17079,19
17080,7
17081,13
17082,16
17083,20
17084,6
17085,5
17086,6
17087,2
17088,7
17089,3
17090,8
17091,10
17092,15
17093,6
17094,20
17095,2
17096,15
17097,10
17098,12
17099,16
17100,14
17101,11
17102,12
17103,12
17104,20
17105,9
17106,18
17107,17
17108,15
17109,6
17110,15
17111,6
17112,17
17113,2
17114,3
17115,8
17116,2
17117,2
17118,14
17119,2
17120,12
17121,3
17122,10
17123,19
17124,11
17125,19
17126,14
17127,3
17128,2
17129,13
17130,16
17131,5
17132,4
17133,11
17134,16
17135,7
17136,19
17137,15
17138,7
17139,3
17140,15
17141,3
17142,20
17143,11
17144,15
17145,4
17146,11
17147,17
17148,10
17149,2
17150,17
17151,7
17152,15
17153,7
17154,20
17155,7
17156,8
17157,5
17158,4
17159,20
17160,4
17161,16
17162,7
17163,6
17164,0
17165,4
17166,13
17167,13
17168,2
17169,8
17170,4
17171,17
17172,4
17173,3
17174,13
17175,3
17176,6
17177,2
17178,9
17179,14
17180,6
17181,12
17182,5
17183,8
17184,7
17185,8
17186,3
17187,18
17188,18
17189,6
17190,14
17191,20
17192,13
17193,16
17194,19
17195,12
17196,20
17197,0
17198,10
17199,14
17200,15
17201,7
17202,9
17203,2
17204,3
17205,3
17206,19
17207,2
17208,0
17209,9
17210,18
17211,0
17212,3
17213,18
17214,13
17215,12
17216,5
17217,7
17218,13
17219,20
17220,6
17221,15
17222,13
17223,14
17224,17
17225,17
17226,5
17227,5
17228,5
17229,20
17230,15
17231,19
17232,6
17233,2
17234,19
17235,17
17236,13
17237,18
17238,6
17239,15
17240,16
17241,20
17242,19
17243,0
17244,5
17245,6
17246,10
17247,11
17248,18
17249,10
17250,15
17251,11
17252,18
17253,8
17254,19
17255,10
17256,10
17257,10
17258,13
17259,13
17260,2
17261,0
17262,6
17263,11
17264,11
17265,16
17266,20
17267,20
17268,14
17269,4
17270,8
17271,0
17272,6
17273,16
17274,3
17275,8
17276,2
17277,2
17278,20
17279,9
17280,16
17281,2
17282,10
17283,14
17284,0
17285,2
17286,4
17287,14
17288,15
17289,2
17290,15
17291,17
17292,4
17293,12
17294,0
17295,7
17296,11
17297,0
17298,4
17299,10
17300,3
17301,4
17302,7
17303,12
17304,11
17305,20
17306,0
17307,8
17308,9
17309,14
17310,20
17311,16
17312,4
17313,5
17314,12
17315,6
17316,15
17317,7
17318,20
17319,16
17320,15
17321,14
17322,10
17323,13
17324,20
17325,3
17326,9
17327,15
17328,13
17329,2
17330,13
17331,7
17332,20
17333,9
17334,7
17335,5
17336,7
17337,7
17338,15
17339,8
17340,7
17341,17
17342,15
17343,16
17344,17
17345,5
17346,15
17347,2
17348,0
17349,19
17350,0
17351,11
17352,4
17353,15
17354,7
17355,10
17356,19
17357,5
17358,8
17359,13
17360,5
17361,17
17362,16
17363,5
17364,5
17365,14
17366,11
17367,11
17368,20
17369,8
17370,12
17371,0
17372,17
17373,15
17374,18
17375,3
17376,10
17377,16
17378,6
17379,5
17380,5
17381,2
17382,12
17383,17
17384,16
17385,11
17386,6
17387,3
17388,8
17389,9
17390,17
17391,17
17392,7
17393,10
17394,17
17395,14
17396,19
17397,6
17398,17
17399,18
17400,12
17401,20
17402,4
17403,6
17404,6
17405,16
17406,14
17407,10
17408,14
17409,19
17410,0
17411,14
17412,20
17413,5
17414,0
17415,17
17416,10
17417,18
17418,4
17419,12
17420,19
17421,15
17422,4
17423,6
17424,4
17425,12
17426,7
17427,3
17428,6
17429,18
17430,3
17431,9
17432,2
17433,2
17434,9
17435,7
17436,10
17437,11
17438,13
17439,2
17440,5
17441,18
17442,14
17443,4
17444,7
17445,11
17446,14
17447,3
17448,16
17449,7
17450,19
17451,16
17452,15
17453,18
17454,17
17455,7
17456,15
17457,6
17458,14
17459,17
17460,14
17461,6
17462,10
17463,10
17464,16
17465,10
17466,6
17467,16
17468,20
17469,2
17470,0
17471,20
17472,12
17473,17
17474,14
17475,7
17476,18
17477,13
17478,3
17479,9
17480,6
17481,4
17482,13
17483,15
17484,10
17485,17
17486,2
17487,17
17488,11
17489,8
17490,6
17491,10
17492,11
17493,18
17494,9
17495,12
17496,13
17497,5
17498,4
17499,13
17500,3
17501,15
17502,3
17503,5
17504,6
17505,11
17506,5
17507,7
17508,7
17509,6
17510,9
17511,20
17512,2
17513,6
17514,6
17515,18
17516,12
17517,5
17518,9
17519,17
17520,12
17521,15
17522,3
17523,2
17524,7
17525,19
17526,15
17527,14
17528,5
17529,0
17530,7
17531,12
17532,18
17533,8
17534,13
17535,16
17536,4
17537,20
17538,15
17539,6
17540,9
17541,18
17542,5
17543,15
17544,8
17545,18
17546,16
17547,18
17548,5
17549,12
17550,2
17551,13
17552,13
17553,3
17554,5
17555,12
17556,10
17557,13
17558,0
17559,19
17560,20
17561,17
17562,14
17563,4
17564,14
17565,5
17566,13
17567,7
17568,5
17569,6
17570,14
17571,3
17572,11
17573,6
17574,20
17575,14
17576,11
17577,17
17578,10
17579,6
17580,15
17581,7
17582,10
17583,9
17584,19
17585,8
17586,10
17587,7
17588,19
17589,14
17590,4
17591,13
17592,13
17593,17
17594,6
17595,11
17596,2
17597,11
17598,9
17599,10
17600,12
17601,4
17602,17
17603,13
17604,12
17605,13
17606,18
17607,8
17608,15
17609,0
17610,12
17611,7
17612,2
17613,10
17614,3
17615,12
17616,19
17617,14
17618,12
17619,4
17620,7
17621,0
17622,19
17623,6
17624,13
17625,19
17626,15
17627,3
17628,20
17629,18
17630,17
17631,8
17632,0
17633,18
17634,19
17635,5
17636,3
17637,9
17638,11
17639,19
17640,6
17641,18
17642,6
17643,17
17644,3
17645,8
17646,7
17647,13
17648,10
17649,18
17650,17
17651,9
17652,13
17653,7
17654,4
17655,6
17656,19
17657,10
17658,10
17659,14
17660,4
17661,13
17662,9
17663,14
17664,3
17665,8
17666,3
17667,7
17668,6
17669,2
17670,5
17671,19
17672,4
17673,4
17674,7
17675,11
17676,20
17677,16
17678,6
17679,14
17680,3
17681,10
17682,5
17683,7
17684,18
17685,15
17686,11
17687,14
17688,16
17689,5
17690,5
17691,9
17692,19
17693,19
17694,0
17695,3
17696,4
17697,20
17698,8
17699,5
17700,4
17701,7
17702,0
17703,8
17704,18
17705,7
17706,3
17707,9
17708,15
17709,14
17710,12
17711,20
17712,7
17713,0
17714,6
17715,11
17716,6
17717,5
17718,2
17719,20
17720,8
17721,0
17722,8
17723,16
17724,6
17725,17
17726,3
17727,5
17728,3
17729,9
17730,15
17731,14
17732,3
17733,7
17734,0
17735,0
17736,18
17737,15
17738,13
17739,11
17740,2
17741,16
17742,18
17743,3
17744,17
17745,14
17746,15
17747,13
17748,7
17749,18
17750,16
17751,8
17752,11
17753,4
17754,18
17755,5
17756,11
17757,3
17758,9
17759,9
17760,3
17761,13
17762,9
17763,3
17764,4
17765,19
17766,17
17767,6
17768,9
17769,12
17770,16
17771,2
17772,14
17773,11
17774,6
17775,20
17776,11
17777,6
17778,4
17779,5
17780,4
17781,7
17782,14
17783,3
17784,11
17785,19
17786,11
17787,7
17788,10
17789,13
17790,19
17791,5
17792,3
17793,15
17794,19
17795,17
17796,12
17797,9
17798,5
17799,9
17800,20
17801,3
17802,7
17803,13
17804,9
17805,0
17806,20
17807,8
17808,10
17809,14
17810,4
17811,4
17812,12
17813,11
17814,6
17815,2
17816,11
17817,8
17818,16
17819,7
17820,4
17821,6
17822,8
17823,18
17824,10
17825,11
17826,16
17827,3
17828,8
17829,2
17830,19
17831,11
17832,20
17833,16
17834,19
17835,18
17836,18
17837,19
17838,5
17839,0
17840,14
17841,5
17842,18
17843,13
17844,17
17845,14
17846,2
17847,9
17848,11
17849,15
17850,11
17851,18
17852,0
17853,11
17854,20
17855,14
17856,13
17857,13
17858,6
17859,15
17860,5
17861,14
17862,10
17863,3
17864,13
17865,6
17866,17
17867,12
17868,17
17869,15
17870,6
17871,6
17872,11
17873,6
17874,10
17875,20
17876,13
17877,9
17878,14
17879,16
17880,6
17881,11
17882,15
17883,18
17884,7
17885,8
17886,17
17887,4
17888,16
17889,4
17890,0
17891,6
17892,13
17893,5
17894,11
17895,18
17896,3
17897,7
17898,13
17899,3
17900,12
17901,10
17902,9
17903,3
17904,3
17905,18
17906,17
17907,18
17908,8
17909,8
17910,12
17911,9
17912,18
17913,12
17914,18
17915,19
17916,15
17917,8
17918,19
17919,4
17920,16
17921,15
17922,11
17923,10
17924,6
17925,0
17926,10
17927,9
17928,12
17929,9
17930,20
17931,16
17932,19
17933,4
17934,6
17935,4
17936,11
17937,0
17938,9
17939,16
17940,4
17941,9
17942,0
17943,17
17944,17
17945,2
17946,12
17947,17
17948,0
17949,6
17950,15
17951,11
17952,12
17953,8
17954,5
17955,0
17956,6
17957,15
17958,7
17959,12
17960,11
17961,15
17962,17
17963,15
17964,8
17965,4
17966,15
17967,3
17968,4
17969,5
17970,20
17971,7
17972,9
17973,20
17974,14
17975,2
17976,4
17977,13
17978,8
17979,6
17980,13
17981,5
17982,4
17983,9
17984,9
17985,20
17986,5
17987,4
17988,5
17989,9
17990,19
17991,8
17992,11
17993,14
17994,15
17995,11
17996,11
17997,5
17998,20
17999,4
18000,16
18001,16
18002,17
18003,19
18004,20
18005,3
18006,18
18007,8
18008,18
18009,20
18010,5
18011,20
18012,12
18013,11
18014,20
18015,2
18016,20
18017,0
18018,3
18019,11
18020,16
18021,6
18022,18
18023,16
18024,9
18025,17
18026,9
18027,4
18028,9
18029,0
18030,6
18031,9
18032,20
18033,15
18034,15
18035,3
18036,10
18037,13
18038,11
18039,6
18040,7
18041,19
18042,3
18043,18
18044,17
18045,20
18046,9
18047,3
18048,17
18049,16
18050,10
18051,10
18052,6
18053,15
18054,3
18055,7
18056,2
18057,16
18058,12
18059,13
18060,3
18061,15
18062,7
18063,19
18064,8
18065,6
18066,2
18067,14
18068,5
18069,16
18070,6
18071,14
18072,18
18073,5
18074,13
18075,15
18076,0
18077,3
18078,15
18079,17
18080,13
18081,9
18082,0
18083,12
18084,18
18085,12
18086,14
18087,11
18088,10
18089,20
18090,14
18091,3
18092,10
18093,18
18094,5
18095,2
18096,15
18097,5
18098,18
18099,9
18100,14
18101,9
18102,5
18103,3
18104,19
18105,10
18106,12
18107,3
18108,9
18109,10
18110,7
18111,14
18112,10
18113,3
18114,17
18115,8
18116,2
18117,5
18118,17
18119,2
18120,16
18121,20
18122,12
18123,12
18124,2
18125,14
18126,10
18127,17
18128,13
18129,7
18130,5
18131,15
18132,9
18133,19
18134,5
18135,7
18136,10
18137,12
18138,18
18139,10
18140,19
18141,5
18142,8
18143,3
18144,19
18145,7
18146,8
18147,14
18148,13
18149,5
18150,11
18151,0
18152,8
18153,2
18154,6
18155,4
18156,20
18157,4
18158,14
18159,0
18160,19
18161,5
18162,13
18163,16
18164,12
18165,9
18166,14
18167,9
18168,0
18169,15
18170,20
18171,14
18172,10
18173,3
18174,14
18175,3
18176,7
18177,3
18178,0
18179,16
18180,14
18181,18
18182,15
18183,5
18184,9
18185,2
18186,19
18187,8
18188,0
18189,3
18190,13
18191,15
18192,17
18193,6
18194,5
18195,10
18196,5
18197,18
18198,11
18199,13
18200,19
18201,17
18202,17
18203,19
18204,9
18205,17
18206,14
18207,15
18208,15
18209,10
18210,16
18211,18
18212,13
18213,17
18214,20
18215,12
18216,14
18217,15
18218,6
18219,10
18220,19
18221,12
18222,7
18223,14
18224,2
18225,13
18226,3
18227,7
18228,11
18229,11
18230,10
18231,17
18232,19
18233,10
18234,17
18235,5
18236,11
18237,3
18238,17
18239,10
18240,18
18241,5
18242,18
18243,10
18244,15
18245,17
18246,17
18247,12
18248,12
18249,17
18250,18
18251,20
18252,16
18253,13
18254,15
18255,4
18256,19
18257,4
18258,5
18259,0
18260,12
18261,4
18262,12
18263,17
18264,12
18265,2
18266,4
18267,6
18268,15
18269,2
18270,3
18271,15
18272,0
18273,18
18274,3
18275,20
18276,12
18277,6
18278,3
18279,15
18280,20
18281,6
18282,19
18283,10
18284,11
18285,17
18286,11
18287,5
18288,11
18289,6
18290,6
18291,10
18292,4
18293,10
18294,12
18295,11
18296,5
18297,0
18298,2
18299,3
18300,20
18301,6
18302,15
18303,16
18304,18
18305,18
18306,6
18307,7
18308,11
18309,4
18310,13
18311,3
18312,13
18313,17
18314,8
18315,8
18316,20
18317,15
18318,13
18319,9
18320,20
18321,19
18322,6
18323,8
18324,13
18325,19
18326,5
18327,11
18328,0
18329,16
18330,13
18331,14
18332,4
18333,5
18334,2
18335,3
18336,4
18337,7
18338,10
18339,4
18340,15
18341,13
18342,13
18343,0
18344,2
18345,15
18346,7
18347,15
18348,14
18349,12
18350,12
18351,20
18352,17
18353,17
18354,13
18355,3
18356,10
18357,18
18358,6
18359,19
18360,16
18361,9
18362,9
18363,6
18364,0
18365,17
18366,4
18367,14
18368,16
18369,10
18370,9
18371,6
18372,7
18373,2
18374,5
18375,5
18376,8
18377,17
18378,7
18379,7
18380,17
18381,3
18382,14
18383,16
18384,15
18385,6
18386,2
18387,11
18388,11
18389,4
18390,0
18391,15
18392,6
18393,3
18394,2
18395,16
18396,13
18397,18
18398,15
18399,9
18400,11
18401,0
18402,20
18403,13
18404,16
18405,20
18406,2
18407,13
18408,9
18409,18
18410,14
18411,4
18412,3
18413,6
18414,20
18415,2
18416,13
18417,18
18418,6
18419,6
18420,16
18421,10
18422,8
18423,18
18424,7
18425,6
18426,14
18427,10
18428,5
18429,11
18430,11
18431,5
18432,11
18433,17
18434,16
18435,15
18436,4
18437,9
18438,4
18439,4
18440,6
18441,9
18442,9
18443,2
18444,4
18445,19
18446,8
18447,20
18448,6
18449,9
18450,4
18451,20
18452,16
18453,4
18454,8
18455,9
18456,5
18457,3
18458,15
18459,14
18460,16
18461,16
18462,5
18463,6
18464,8
18465,16
18466,4
18467,16
18468,4
18469,17
18470,20
18471,0
18472,12
18473,18
18474,8
18475,13
18476,10
18477,9
18478,14
18479,14
18480,7
18481,7
18482,8
18483,5
18484,18
18485,14
18486,9
18487,11
18488,4
18489,3
18490,14
18491,0
18492,15
18493,18
18494,3
18495,19
18496,9
18497,14
18498,12
18499,5
18500,3
18501,18
18502,10
18503,11
18504,19
18505,18
18506,18
18507,17
18508,3
18509,17
18510,10
18511,7
18512,11
18513,13
18514,10
18515,10
18516,8
18517,3
18518,15
18519,20
18520,13
18521,4
18522,14
18523,20
18524,16
18525,9
18526,6
18527,20
18528,15
18529,16
18530,8
18531,3
18532,7
18533,4
18534,20
18535,18
18536,14
18537,6
18538,10
18539,12
18540,10
18541,18
18542,4
18543,9
18544,13
18545,17
18546,18
18547,8
18548,0
18549,7
18550,14
18551,7
18552,7
18553,3
18554,0
18555,15
18556,9
18557,13
18558,9
18559,15
18560,5
18561,7
18562,9
18563,3
18564,11
18565,20
18566,20
18567,14
18568,19
18569,17
18570,0
18571,18
18572,3
18573,8
18574,10
18575,18
18576,20
18577,7
18578,10
18579,17
18580,6
18581,13
18582,14
18583,20
18584,3
18585,5
18586,5
18587,15
18588,17
18589,3
18590,15
18591,4
18592,0
18593,16
18594,19
18595,13
18596,19
18597,3
18598,17
18599,9
18600,19
18601,15
18602,13
18603,7
18604,14
18605,19
18606,6
18607,12
18608,9
18609,9
18610,5
18611,13
18612,7
18613,17
18614,6
18615,10
18616,15
18617,11
18618,4
18619,14
18620,15
18621,15
18622,5
18623,13
18624,7
18625,16
18626,13
18627,12
18628,17
18629,3
18630,7
18631,2
18632,8
18633,14
18634,19
18635,3
18636,12
18637,7
18638,4
18639,9
18640,4
18641,11
18642,7
18643,11
18644,6
18645,8
18646,17
18647,16
18648,14
18649,5
18650,18
18651,13
18652,12
18653,12
18654,12
18655,8
18656,20
18657,16
18658,15
18659,14
18660,10
18661,12
18662,0
18663,15
18664,18
18665,3
18666,7
18667,4
18668,8
18669,13
18670,4
18671,16
18672,9
18673,9
18674,19
18675,18
18676,16
18677,9
18678,13
18679,12
18680,0
18681,14
18682,11
18683,11
18684,16
18685,9
18686,15
18687,2
18688,8
18689,16
18690,16
18691,10
18692,11
18693,3
18694,9
18695,8
18696,19
18697,4
18698,8
18699,0
18700,8
18701,17
18702,9
18703,15
18704,20
18705,5
18706,18
18707,9
18708,8
18709,18
18710,19
18711,7
18712,7
18713,12
18714,15
18715,16
18716,9
18717,7
18718,15
18719,15
18720,13
18721,9
18722,12
18723,8
18724,6
18725,5
18726,13
18727,5
18728,6
18729,14
18730,7
18731,12
18732,16
18733,2
18734,20
18735,8
18736,3
18737,8
18738,14
18739,17
18740,12
18741,2
18742,10
18743,14
18744,0
18745,6
18746,11
18747,5
18748,15
18749,16
18750,16
18751,20
18752,12
18753,9
18754,16
18755,14
18756,19
18757,3
18758,0
18759,18
18760,18
18761,17
18762,18
18763,16
18764,11
18765,2
18766,13
18767,8
18768,4
18769,16
18770,6
18771,17
18772,0
18773,13
18774,8
